Champoin Type,Team A,Team B,Team A Score,Team B Score,Match Time,day
دوري القسم الثاني-أ,دكرنس,النجوم,3,2,14:30,01/02/2024
دوري القسم الثاني-أ,حرس الحدود,بروكسي,1,1,14:30,01/02/2024
دوري القسم الثاني-أ,المصرية للاتصالات,السكة الحديد,2,4,14:30,01/02/2024
دوري القسم الثاني-أ,القناة,راية الرياضي,0,0,14:30,01/02/2024
دوري القسم الثاني-أ,مكادي,وادي دجلة,0,0,14:30,01/03/2024
دوري القسم الثاني-أ,بترول أسيوط,مصر المقاصة,3,2,14:30,01/03/2024
دوري القسم الثاني-أ,لافيينا أف سي,أبو قير للاسمدة,0,0,14:30,01/03/2024
دوري القسم الثاني-أ,جمهورية شبين,بتروجت,0,1,14:30,01/03/2024
دوري القسم الثاني-أ,أسوان,طنطا‏,1,3,14:30,01/03/2024
دوري القسم الثاني-أ,غزل المحلة,النصر للتعدين,1,0,17:00,01/03/2024
مباريات ودية - منتخبات,مصر,هولندا,30,28,18:45,01/04/2024
مباريات ودية - منتخبات,قطر,الأردن,1,2,18:00,01/05/2024
مباريات ودية - منتخبات,العراق,كوريا الجنوبية,0,1,15:00,01/06/2024
مباريات ودية - منتخبات,البـــحرين,أستراليا,0,2,16:00,01/06/2024
مباريات ودية - منتخبات,موزمبيق,ليسوتو,2,0,16:00,01/06/2024
مباريات ودية - منتخبات,مصر,الدنمارك,31,34,17:00,01/06/2024
مباريات ودية - منتخبات,الإمارات,عمان,0,1,17:15,01/06/2024
مباريات ودية - منتخبات,كوت ديفوار,سيراليون,5,1,19:00,01/06/2024
مباريات ودية - منتخبات,تونس,موريتانيا,0,0,20:30,01/06/2024
مباريات ودية - منتخبات,مالي,غينيا بيساو,6,2,21:00,01/06/2024
مباريات ودية - منتخبات,مصر,النرويج,28,23,14:30,01/07/2024
مباريات ودية - منتخبات,مصر,تنزانيا,2,0,18:00,01/07/2024
دوري القسم الثاني-أ,النجوم,جمهورية شبين,1,1,14:00,01/08/2024
دوري القسم الثاني-أ,راية الرياضي,بترول أسيوط,1,1,14:30,01/08/2024
دوري القسم الثاني-أ,النصر للتعدين,المصرية للاتصالات,0,1,14:30,01/08/2024
دوري القسم الثاني-أ,مصر المقاصة,لافيينا أف سي,0,3,14:30,01/08/2024
مباريات ودية - منتخبات,غينيا,نيجيريا,2,0,15:00,01/08/2024
مباريات ودية - منتخبات,موزمبيق,بوتسوانا,1,1,16:45,01/08/2024
مباريات ودية - منتخبات,السنغال,النيجر,1,0,20:00,01/08/2024
مباريات ودية - منتخبات,غانـــا,ناميبيا,0,0,22:00,01/08/2024
دوري القسم الثاني-أ,طنطا‏,القناة,1,0,14:30,01/09/2024
دوري القسم الثاني-أ,بروكسي,غزل المحلة,2,2,14:30,01/09/2024
دوري القسم الثاني-أ,السكة الحديد,مكادي,1,1,14:30,01/09/2024
دوري القسم الثاني-أ,أبو قير للاسمدة,دكرنس,0,0,14:30,01/09/2024
مباريات ودية - منتخبات,اليــــابان,الأردن,6,1,13:00,01/09/2024
مباريات ودية - منتخبات,زامبيا,الكاميرون,1,1,15:00,01/09/2024
مباريات ودية - منتخبات,بوروندي,الجزائر,0,4,17:00,01/09/2024
مباريات ودية - منتخبات,فلسطين,السعودية,0,0,17:30,01/09/2024
دوري القسم الثاني-أ,وادي دجلة,أسوان,2,0,14:30,01/10/2024
دوري القسم الثاني-أ,بتروجت,حرس الحدود,4,0,14:30,01/10/2024
مباريات ودية - منتخبات,جنوب أفريقيا,ليسوتو,0,0,15:00,01/10/2024
مباريات ودية - منتخبات,السعودية,هونج كونج,2,0,17:30,01/10/2024
مباريات ودية - منتخبات,تونس,كاب فيردي,2,0,19:30,01/10/2024
مباريات ودية - منتخبات,المغرب,سيراليون,3,1,19:00,01/11/2024
دوري القسم الثاني-أ,جمهورية شبين,دكرنس,2,1,14:00,01/15/2024
دوري القسم الثاني-أ,حرس الحدود,النجوم,1,0,14:00,01/15/2024
دوري القسم الثاني-أ,غزل المحلة,بتروجت,1,1,14:00,01/15/2024
دوري القسم الثاني-أ,المصرية للاتصالات,بروكسي,0,0,14:00,01/15/2024
دوري القسم الثاني-أ,مكادي,النصر للتعدين,0,0,14:00,01/15/2024
دوري القسم الثاني-أ,أسوان,السكة الحديد,1,0,14:00,01/15/2024
دوري القسم الثاني-أ,القناة,وادي دجلة,0,2,14:00,01/15/2024
دوري القسم الثاني-أ,بترول أسيوط,طنطا‏,0,0,14:00,01/15/2024
دوري القسم الثاني-أ,لافيينا أف سي,راية الرياضي,2,0,14:00,01/15/2024
دوري القسم الثاني-أ,مصر المقاصة,أبو قير للاسمدة,0,2,14:00,01/16/2024
مباريات ودية - منتخبات,مصر,العراق,0,1,17:30,01/20/2024
مباريات ودية -أندية,الاتفـــــاق,ام صلال,1,1,15:10,01/20/2024
مباريات ودية -أندية,الوحـــدة,الزمالك,3,1,18:45,01/20/2024
دوري القسم الثاني-أ,السكة الحديد,القناة,0,0,14:30,01/22/2024
دوري القسم الثاني-أ,بتروجت,المصرية للاتصالات,2,1,14:30,01/22/2024
دوري القسم الثاني-أ,النجوم,غزل المحلة,0,1,14:30,01/22/2024
دوري القسم الثاني-أ,دكرنس,حرس الحدود,1,1,14:30,01/22/2024
دوري القسم الثاني-أ,أبو قير للاسمدة,جمهورية شبين,2,0,14:30,01/22/2024
دوري القسم الثاني-أ,النصر للتعدين,أسوان,1,1,14:30,01/22/2024
دوري القسم الثاني-أ,راية الرياضي,مصر المقاصة,4,0,14:30,01/22/2024
دوري القسم الثاني-أ,طنطا‏,لافيينا أف سي,0,2,14:30,01/22/2024
دوري القسم الثاني-أ,وادي دجلة,بترول أسيوط,2,1,14:30,01/22/2024
دوري القسم الثاني-أ,بروكسي,مكادي,2,1,14:30,01/22/2024
مباريات ودية -أندية,الأهلي,الأخدود,1,2,15:00,01/23/2024
مباريات ودية -أندية,الزمالك,ام صلال,0,2,15:10,01/24/2024
مباريات ودية -أندية,الاتفـــــاق,الوحـــدة,1,1,18:00,01/24/2024
مباريات ودية -أندية,الأهلي,حتا,1,1,15:00,01/26/2024
مباريات ودية -أندية,الزمالك,الرجاء البيضاوي,2,2,16:00,01/26/2024
مباريات ودية -أندية,أهلي جدة,ووهان ثري تاونز,3,1,16:00,01/27/2024
مباريات ودية -أندية,الزمالك,أهلي جدة,3,0,18:00,01/28/2024
دوري القسم الثاني-أ,حرس الحدود,جمهورية شبين,1,0,14:30,01/29/2024
دوري القسم الثاني-أ,غزل المحلة,دكرنس,2,0,14:30,01/29/2024
دوري القسم الثاني-أ,المصرية للاتصالات,النجوم,1,0,14:30,01/29/2024
دوري القسم الثاني-أ,مكادي,بتروجت,0,1,14:30,01/29/2024
دوري القسم الثاني-أ,أسوان,بروكسي,0,1,14:30,01/29/2024
دوري القسم الثاني-أ,القناة,النصر للتعدين,1,0,14:30,01/29/2024
دوري القسم الثاني-أ,بترول أسيوط,السكة الحديد,0,1,14:30,01/29/2024
دوري القسم الثاني-أ,لافيينا أف سي,وادي دجلة,3,4,14:30,01/29/2024
دوري القسم الثاني-أ,مصر المقاصة,طنطا‏,0,3,14:30,01/29/2024
دوري القسم الثاني-أ,أبو قير للاسمدة,راية الرياضي,0,0,14:30,01/29/2024
مباريات ودية -أندية,النصر,انتر ميامى,6,0,20:00,02/01/2024
مباريات ودية -أندية,الهلال,النصر,2,0,20:00,02/08/2024
دوري القسم الثاني-أ,بروكسي,وادي دجلة,1,0,15:00,02/12/2024
دوري القسم الثاني-أ,راية الرياضي,السكة الحديد,0,2,15:00,02/12/2024
دوري القسم الثاني-أ,بتروجت,حرس الحدود,1,1,15:00,02/12/2024
دوري القسم الثاني-أ,القناة,لافيينا أف سي,0,1,15:00,02/12/2024
دوري القسم الثاني-أ,غزل المحلة,طنطا‏,3,0,17:30,02/12/2024
دوري القسم الثاني-أ,أسوان,أبو قير للاسمدة,0,0,14:30,02/13/2024
دوري القسم الثاني-أ,بترول أسيوط,مكادي,0,0,15:00,02/13/2024
دوري القسم الثاني-أ,النجوم,جمهورية شبين,1,2,15:00,02/13/2024
دوري القسم الثاني-أ,المصرية للاتصالات,مصر المقاصة,0,1,15:00,02/13/2024
دوري القسم الثاني-أ,النصر للتعدين,دكرنس,0,1,15:00,02/13/2024
دوري القسم الثاني-أ,السكة الحديد,بروكسي,2,0,15:00,02/17/2024
دوري القسم الثاني-أ,وادي دجلة,غزل المحلة,0,0,15:00,02/17/2024
دوري القسم الثاني-أ,حرس الحدود,راية الرياضي,1,1,15:00,02/17/2024
دوري القسم الثاني-أ,لافيينا أف سي,بتروجت,1,1,15:00,02/17/2024
دوري القسم الثاني-أ,طنطا‏,القناة,1,0,15:00,02/17/2024
دوري القسم الثاني-أ,جمهورية شبين,بترول أسيوط,0,0,15:00,02/20/2024
دوري القسم الثاني-أ,مكادي,النصر للتعدين,2,2,15:00,02/20/2024
دوري القسم الثاني-أ,أبو قير للاسمدة,النجوم,1,0,15:00,02/20/2024
دوري القسم الثاني-أ,مصر المقاصة,أسوان,1,2,15:00,02/20/2024
دوري القسم الثاني-أ,دكرنس,المصرية للاتصالات,0,0,15:00,02/20/2024
دوري القسم الثاني-أ,بروكسي,حرس الحدود,0,1,15:00,02/24/2024
دوري القسم الثاني-أ,وادي دجلة,السكة الحديد,3,1,15:00,02/24/2024
دوري القسم الثاني-أ,راية الرياضي,لافيينا أف سي,2,1,15:00,02/24/2024
دوري القسم الثاني-أ,بتروجت,طنطا‏,2,1,15:00,02/24/2024
دوري القسم الثاني-أ,غزل المحلة,القناة,2,0,17:30,02/24/2024
دوري القسم الثاني-أ,بترول أسيوط,أبو قير للاسمدة,1,1,15:00,02/27/2024
دوري القسم الثاني-أ,مكادي,جمهورية شبين,2,1,15:00,02/27/2024
دوري القسم الثاني-أ,النجوم,مصر المقاصة,3,2,15:00,02/27/2024
دوري القسم الثاني-أ,أسوان,دكرنس,1,0,15:00,02/27/2024
دوري القسم الثاني-أ,النصر للتعدين,المصرية للاتصالات,0,1,15:00,02/27/2024
دوري القسم الثاني-أ,لافيينا أف سي,بروكسي,2,0,15:30,03/01/2024
دوري القسم الثاني-أ,السكة الحديد,غزل المحلة,1,1,15:30,03/01/2024
دوري القسم الثاني-أ,طنطا‏,راية الرياضي,3,0,15:30,03/01/2024
دوري القسم الثاني-أ,القناة,بتروجت,0,1,15:30,03/01/2024
دوري القسم الثاني-أ,حرس الحدود,وادي دجلة,1,1,19:00,03/01/2024
دوري القسم الثاني-أ,مصر المقاصة,بترول أسيوط,1,2,15:30,03/05/2024
دوري القسم الثاني-أ,أبو قير للاسمدة,مكادي,2,1,15:30,03/05/2024
دوري القسم الثاني-أ,جمهورية شبين,النصر للتعدين,2,1,15:30,03/05/2024
دوري القسم الثاني-أ,دكرنس,النجوم,4,0,15:30,03/05/2024
دوري القسم الثاني-أ,المصرية للاتصالات,أسوان,1,0,15:30,03/05/2024
دوري القسم الثاني-أ,بروكسي,طنطا‏,1,0,15:30,03/06/2024
دوري القسم الثاني-أ,وادي دجلة,لافيينا أف سي,1,2,15:30,03/06/2024
دوري القسم الثاني-أ,السكة الحديد,حرس الحدود,0,0,15:30,03/06/2024
دوري القسم الثاني-أ,راية الرياضي,القناة,1,0,15:30,03/06/2024
دوري القسم الثاني-أ,غزل المحلة,بتروجت,2,2,18:00,03/06/2024
الدوري الأفريقي لكرة السلة,بترو دي لواندا,نادي الفتح الرياضي,73,82,16:00,03/09/2024
دوري القسم الثاني-أ,بترول أسيوط,دكرنس,1,1,15:30,03/10/2024
دوري القسم الثاني-أ,مكادي,مصر المقاصة,4,1,15:30,03/10/2024
دوري القسم الثاني-أ,جمهورية شبين,أبو قير للاسمدة,0,1,15:30,03/10/2024
دوري القسم الثاني-أ,النجوم,المصرية للاتصالات,1,1,15:30,03/10/2024
دوري القسم الثاني-أ,النصر للتعدين,أسوان,1,3,15:30,03/10/2024
الدوري الأفريقي لكرة السلة,بترو دي لواندا,كيب تاون تايجرز,100,88,19:00,03/10/2024
الدوري الأفريقي لكرة السلة,كيب تاون تايجرز,نادي الفتح الرياضي,58,84,19:00,03/12/2024
الدوري الأفريقي لكرة السلة,نادي الفتح الرياضي,بترو دي لواندا,86,89,19:00,03/14/2024
الدوري الأفريقي لكرة السلة,كيب تاون تايجرز,بترو دي لواندا,84,78,16:00,03/16/2024
الدوري الأفريقي لكرة السلة,نادي الفتح الرياضي,كيب تاون تايجرز,84,75,19:00,03/17/2024
مباريات ودية - منتخبات,مصر,الإمارات - أولمبي,1,0,22:00,03/20/2024
مباريات ودية - منتخبات,مصر - شباب,الجزائر - شباب,1,2,23:00,03/20/2024
مباريات ودية - منتخبات,البرتغال,السويد,5,2,21:45,03/21/2024
مباريات ودية - منتخبات,فنزويلا,إيطاليا,1,2,23:00,03/21/2024
مباريات ودية - منتخبات,النرويج,التشيك,1,2,19:00,03/22/2024
مباريات ودية - منتخبات,السنغال,الجابون,3,0,21:30,03/22/2024
مباريات ودية - منتخبات,هولندا,إسكتلندا,4,0,21:45,03/22/2024
مباريات ودية - منتخبات,إسبانيا,كولومبيا,0,1,22:30,03/22/2024
مباريات ودية - منتخبات,الجزائر,بوليفيا,3,2,23:00,03/22/2024
مباريات ودية - منتخبات,المغرب,أنجـــــولا,1,0,23:59,03/22/2024
مباريات ودية - منتخبات,أيرلندا,بلجيكا,0,0,19:00,03/23/2024
مباريات ودية - منتخبات,إنجلترا,البرازيل,0,1,21:00,03/23/2024
مباريات ودية - منتخبات,الدنمارك,سويسرا,0,0,21:00,03/23/2024
مباريات ودية - منتخبات,فرنسا,ألمانيا,0,2,22:00,03/23/2024
مباريات ودية - منتخبات,مصر,أستراليا - أولمبي,1,1,22:00,03/23/2024
مباريات ودية - منتخبات,مصر - شباب,موريتانيا - شباب,2,1,23:00,03/23/2024
مباريات ودية - منتخبات,إكوادور,إيطاليا,0,2,22:00,03/24/2024
مباريات ودية -أندية,أهلي بنغازي,الإسماعيلي,2,0,23:00,03/24/2024
مباريات ودية - منتخبات,السويد,ألبانيا,1,0,20:00,03/25/2024
مباريات ودية - منتخبات,مصر - شباب,تونس - الشباب,1,1,23:00,03/25/2024
مباريات ودية - منتخبات,مصر,السعودية الأولمبي,2,2,19:00,03/26/2024
مباريات ودية - منتخبات,أوروجواي,كوت ديفوار,1,2,21:30,03/26/2024
مباريات ودية - منتخبات,إنجلترا,بلجيكا,2,2,21:45,03/26/2024
مباريات ودية - منتخبات,ألمانيا,هولندا,2,1,21:45,03/26/2024
مباريات ودية - منتخبات,أيرلندا,سويسرا,0,1,21:45,03/26/2024
مباريات ودية - منتخبات,سلوفينيا,البرتغال,2,0,21:45,03/26/2024
مباريات ودية - منتخبات,فرنسا,تشيلي,3,2,22:00,03/26/2024
مباريات ودية - منتخبات,إسبانيا,البرازيل,3,3,22:30,03/26/2024
مباريات ودية - منتخبات,الجزائر,جنوب أفريقيا,3,3,23:00,03/26/2024
مباريات ودية - منتخبات,المغرب,موريتانيا,0,0,23:59,03/26/2024
كأس السوبر الأفريقي لكرة اليد,الزمالك,كينشاسا,41,29,14:30,04/15/2024
كأس السوبر الأفريقي لكرة اليد,الأهلي,بي إم سي,38,21,19:30,04/15/2024
دوري القسم الثاني-أ,القناة,بروكسي,2,0,15:30,04/16/2024
دوري القسم الثاني-أ,طنطا‏,وادي دجلة,1,1,15:30,04/16/2024
دوري القسم الثاني-أ,لافيينا أف سي,السكة الحديد,2,2,15:30,04/16/2024
دوري القسم الثاني-أ,حرس الحدود,غزل المحلة,1,1,15:30,04/16/2024
دوري القسم الثاني-أ,بتروجت,راية الرياضي,3,0,15:30,04/16/2024
كأس السوبر الأفريقي لكرة اليد,الأهلي,الزمالك,23,21,19:30,04/16/2024
دوري القسم الثاني-أ,المصرية للاتصالات,بترول أسيوط,0,0,15:30,04/17/2024
دوري القسم الثاني-أ,دكرنس,مكادي,3,1,15:30,04/17/2024
دوري القسم الثاني-أ,مصر المقاصة,جمهورية شبين,1,3,15:30,04/17/2024
دوري القسم الثاني-أ,أبو قير للاسمدة,النصر للتعدين,3,1,15:30,04/17/2024
دوري القسم الثاني-أ,أسوان,النجوم,3,0,15:30,04/17/2024
الدوري الأفريقي لكرة السلة,الأهلي بنغازي,نادي بانجي,93,71,16:00,04/19/2024
الدوري الأفريقي لكرة السلة,الأهلي,سيتي أويلرز,99,76,19:00,04/19/2024
الدوري الأفريقي لكرة السلة,نادي بانجي,سيتي أويلرز,101,88,16:00,04/20/2024
الدوري الأفريقي لكرة السلة,الأهلي,الأهلي بنغازي,98,86,19:00,04/20/2024
دوري القسم الثاني-أ,بروكسي,بتروجت,1,1,15:30,04/21/2024
دوري القسم الثاني-أ,وادي دجلة,القناة,1,1,15:30,04/21/2024
دوري القسم الثاني-أ,السكة الحديد,طنطا‏,0,1,15:30,04/21/2024
دوري القسم الثاني-أ,حرس الحدود,لافيينا أف سي,0,0,15:30,04/21/2024
دوري القسم الثاني-أ,غزل المحلة,راية الرياضي,0,0,15:30,04/21/2024
الدوري الأفريقي لكرة السلة,سيتي أويلرز,الأهلي بنغازي,68,79,17:00,04/22/2024
الدوري الأفريقي لكرة السلة,نادي بانجي,الأهلي,79,85,20:00,04/22/2024
دوري القسم الثاني-أ,بترول أسيوط,أسوان,2,0,15:30,04/23/2024
دوري القسم الثاني-أ,مكادي,المصرية للاتصالات,2,3,15:30,04/23/2024
دوري القسم الثاني-أ,جمهورية شبين,دكرنس,1,1,15:30,04/23/2024
دوري القسم الثاني-أ,أبو قير للاسمدة,مصر المقاصة,3,1,15:30,04/23/2024
دوري القسم الثاني-أ,النصر للتعدين,النجوم,2,2,15:30,04/23/2024
الدوري الأفريقي لكرة السلة,نادي بانجي,الأهلي بنغازي,96,93,17:00,04/24/2024
الدوري الأفريقي لكرة السلة,سيتي أويلرز,الأهلي,82,81,20:00,04/24/2024
الدوري الأفريقي لكرة السلة,سيتي أويلرز,نادي بانجي,76,91,17:00,04/26/2024
الدوري الأفريقي لكرة السلة,الأهلي بنغازي,الأهلي,76,87,20:00,04/26/2024
الدوري الأفريقي لكرة السلة,الأهلي بنغازي,سيتي أويلرز,110,78,17:00,04/27/2024
الدوري الأفريقي لكرة السلة,الأهلي,نادي بانجي,94,71,20:00,04/27/2024
دوري القسم الثاني-أ,راية الرياضي,بروكسي,1,1,16:30,04/29/2024
دوري القسم الثاني-أ,بتروجت,وادي دجلة,3,1,16:30,04/29/2024
دوري القسم الثاني-أ,القناة,السكة الحديد,3,0,16:30,04/29/2024
دوري القسم الثاني-أ,طنطا‏,حرس الحدود,0,1,16:30,04/29/2024
دوري القسم الثاني-أ,غزل المحلة,لافيينا أف سي,2,1,16:30,04/29/2024
دوري القسم الثاني-أ,النجوم,بترول أسيوط,1,1,16:30,04/30/2024
دوري القسم الثاني-أ,أسوان,مكادي,1,2,16:30,04/30/2024
دوري القسم الثاني-أ,المصرية للاتصالات,جمهورية شبين,3,0,16:30,04/30/2024
دوري القسم الثاني-أ,دكرنس,أبو قير للاسمدة,0,2,16:30,04/30/2024
دوري القسم الثاني-أ,النصر للتعدين,مصر المقاصة,3,1,16:30,04/30/2024
الدوري الأفريقي لكرة السلة,الإتحاد الرياضي المنستيري,ريج الرواندي,84,89,17:30,05/04/2024
الدوري الأفريقي لكرة السلة,إيه إس دوانّ,ريفرز هوبرز,68,77,20:30,05/04/2024
الدوري الأفريقي لكرة السلة,ريج الرواندي,ريفرز هوبرز,82,86,17:30,05/05/2024
الدوري الأفريقي لكرة السلة,إيه إس دوانّ,الإتحاد الرياضي المنستيري,76,59,20:30,05/05/2024
دوري القسم الثاني-أ,السكة الحديد,بتروجت,1,2,16:30,05/07/2024
الدوري الأفريقي لكرة السلة,الإتحاد الرياضي المنستيري,ريفرز هوبرز,63,84,19:00,05/07/2024
الدوري الأفريقي لكرة السلة,ريج الرواندي,إيه إس دوانّ,66,61,22:00,05/07/2024
دوري القسم الثاني-أ,بترول أسيوط,النصر للتعدين,2,2,16:30,05/08/2024
دوري القسم الثاني-أ,مكادي,النجوم,0,0,16:30,05/08/2024
دوري القسم الثاني-أ,أبو قير للاسمدة,المصرية للاتصالات,2,1,16:30,05/08/2024
دوري القسم الثاني-أ,بروكسي,غزل المحلة,1,3,16:30,05/08/2024
دوري القسم الثاني-أ,وادي دجلة,راية الرياضي,1,1,16:30,05/08/2024
دوري القسم الثاني-أ,حرس الحدود,القناة,0,0,16:30,05/08/2024
دوري القسم الثاني-أ,لافيينا أف سي,طنطا‏,2,0,16:30,05/08/2024
دوري القسم الثاني-أ,جمهورية شبين,أسوان,1,2,16:30,05/09/2024
دوري القسم الثاني-أ,مصر المقاصة,دكرنس,1,2,16:30,05/09/2024
الدوري الأفريقي لكرة السلة,ريج الرواندي,الإتحاد الرياضي المنستيري,70,83,19:00,05/09/2024
الدوري الأفريقي لكرة السلة,ريفرز هوبرز,إيه إس دوانّ,54,56,22:00,05/09/2024
الدوري الأفريقي لكرة السلة,ريفرز هوبرز,ريج الرواندي,78,71,17:30,05/11/2024
الدوري الأفريقي لكرة السلة,الإتحاد الرياضي المنستيري,إيه إس دوانّ,75,69,20:30,05/11/2024
الدوري الأفريقي لكرة السلة,ريفرز هوبرز,الإتحاد الرياضي المنستيري,62,73,17:30,05/12/2024
الدوري الأفريقي لكرة السلة,إيه إس دوانّ,ريج الرواندي,79,54,20:30,05/12/2024
كرة اليد,الأهلي,الزمالك,26,25,21:00,05/17/2024
كرة اليد,الأهلي,الزمالك,25,29,21:00,05/21/2024
الدورة المؤهلة للدوري الممتاز,الترسانة,حرس الحدود,2,3,17:00,05/22/2024
الدورة المؤهلة للدوري الممتاز,سبورتنج,منتخب السويس,1,0,17:00,05/22/2024
الدوري الأفريقي لكرة السلة,الأهلي بنغازي,كيب تاون تايجرز,87,76,18:00,05/24/2024
الدوري الأفريقي لكرة السلة,الأهلي,نادي الفتح الرياضي,78,89,21:00,05/24/2024
كرة اليد,الأهلي,الزمالك,27,21,18:00,05/24/2024
الدوري الأفريقي لكرة السلة,بترو دي لواندا,الإتحاد الرياضي المنستيري,67,70,15:30,05/25/2024
الدوري الأفريقي لكرة السلة,ريفرز هوبرز,إيه إس دوانّ,57,63,18:30,05/25/2024
الدوري الأفريقي لكرة السلة,الأهلي,الأهلي بنغازي,77,86,15:30,05/26/2024
الدوري الأفريقي لكرة السلة,نادي الفتح الرياضي,كيب تاون تايجرز,88,91,18:30,05/26/2024
الدوري الأفريقي لكرة السلة,ريفرز هوبرز,الإتحاد الرياضي المنستيري,92,88,18:00,05/27/2024
الدوري الأفريقي لكرة السلة,إيه إس دوانّ,بترو دي لواندا,65,66,21:00,05/27/2024
الدوري الأفريقي لكرة السلة,ريفرز هوبرز,الأهلي بنغازي,83,89,18:00,05/29/2024
الدوري الأفريقي لكرة السلة,بترو دي لواندا,كيب تاون تايجرز,96,86,21:00,05/29/2024
الدوري الأفريقي لكرة السلة,ريفرز هوبرز,كيب تاون تايجرز,80,57,21:00,05/31/2024
الدوري الأفريقي لكرة السلة,بترو دي لواندا,الأهلي بنغازي,107,94,17:00,06/01/2024
الدورة المؤهلة للدوري الممتاز,حرس الحدود,سبورتنج,0,0,17:00,06/02/2024
الدورة المؤهلة للدوري الممتاز,منتخب السويس,الترسانة,0,0,17:00,06/02/2024
مباريات ودية - منتخبات,ألمانيا,أوكرانيا,0,0,21:45,06/03/2024
مباريات ودية - منتخبات,إنجلترا,البوسنة والهرسك,3,0,21:45,06/03/2024
مباريات ودية - منتخبات,البرتغال,فنلندا,4,2,21:45,06/04/2024
مباريات ودية - منتخبات,إيطاليا,تركيا,0,0,22:00,06/04/2024
تصفيات كأس العالم-أفريقيا,سيراليون,جيبوتي,2,1,19:00,06/05/2024
تصفيات كأس العالم-أفريقيا,ناميبيا,ليبيريا,1,1,19:00,06/05/2024
تصفيات كأس العالم-أفريقيا,أفريقيا الوسطى,تشاد,1,0,19:00,06/05/2024
تصفيات كأس العالم-أفريقيا,توجـــو,جنوب السودان,1,1,19:00,06/05/2024
تصفيات كأس العالم-أفريقيا,تونس,غينيا الاستوائية,1,0,22:00,06/05/2024
مباريات ودية - منتخبات,الدنمارك,السويد,2,1,20:00,06/05/2024
مباريات ودية - منتخبات,النرويج,كوسوفو,3,0,20:00,06/05/2024
مباريات ودية - منتخبات,بلجيكا,الجبل الأسود,2,0,21:30,06/05/2024
مباريات ودية - منتخبات,فرنسا,لوكسمبرج,3,0,22:00,06/05/2024
مباريات ودية - منتخبات,إسبانيا,اندورا,5,0,22:30,06/05/2024
تصفيات كأس العالم-أفريقيا,مالاوي,ساو تومي وبرينسيبي,3,1,16:00,06/06/2024
تصفيات كأس العالم-أفريقيا,غينيا بيساو,إثيوبيا,0,0,19:00,06/06/2024
تصفيات كأس العالم-أفريقيا,موريتانيا,السودان,0,2,19:00,06/06/2024
تصفيات كأس العالم-أفريقيا,ليبيا,موريشيوس,2,1,19:00,06/06/2024
تصفيات كأس العالم-أفريقيا,الكونغو برازافيل,النيجر,0,3,19:00,06/06/2024
تصفيات كأس العالم-أفريقيا,السنغال,الكونغو الديمقراطية,1,1,22:00,06/06/2024
تصفيات كأس العالم-أفريقيا,بنين,رواندا,1,0,22:00,06/06/2024
تصفيات كأس العالم-أفريقيا,مالي,غانـــا,1,2,22:00,06/06/2024
تصفيات كأس العالم-أفريقيا,الجزائر,غينيا,1,2,22:00,06/06/2024
تصفيات كأس العالم-أفريقيا,مصر,بوركينا فاسو,2,1,22:00,06/06/2024
مباريات ودية - منتخبات,هولندا,كندا,4,0,21:45,06/06/2024
الدورة المؤهلة للدوري الممتاز,الترسانة,سبورتنج,3,0,17:00,06/07/2024
الدورة المؤهلة للدوري الممتاز,حرس الحدود,منتخب السويس,1,0,17:00,06/07/2024
تصفيات كأس العالم-أفريقيا,موزمبيق,الصومال,2,1,16:00,06/07/2024
تصفيات كأس العالم-أفريقيا,كينيا,بوروندي,1,1,16:00,06/07/2024
تصفيات كأس العالم-أفريقيا,زيمبابوي,ليسوتو,0,2,16:00,06/07/2024
تصفيات كأس العالم-أفريقيا,أوغندا,بوتسوانا,1,0,19:00,06/07/2024
تصفيات كأس العالم-أفريقيا,مدغشقر,جزر القمر,2,1,19:00,06/07/2024
تصفيات كأس العالم-أفريقيا,أنجـــــولا,إيسواتيني,1,0,19:00,06/07/2024
تصفيات كأس العالم-أفريقيا,نيجيريا,جنوب أفريقيا,1,1,22:00,06/07/2024
تصفيات كأس العالم-أفريقيا,المغرب,زامبيا,2,1,22:00,06/07/2024
تصفيات كأس العالم-أفريقيا,كوت ديفوار,الجابون,1,0,22:00,06/07/2024
مباريات ودية - منتخبات,مصر,كوت ديفوار - أوليمبي,1,0,21:00,06/07/2024
مباريات ودية - منتخبات,إنجلترا,أيسلندا,0,1,21:45,06/07/2024
مباريات ودية - منتخبات,ألمانيا,اليونان,2,1,21:45,06/07/2024
كرة السلة,الاتحاد السكندري,الأهلي,71,69,20:00,06/07/2024
تصفيات كأس العالم-أفريقيا,الكاميرون,كاب فيردي,4,1,16:00,06/08/2024
تصفيات كأس العالم-أفريقيا,جامبيا,سيشيل,5,1,19:00,06/08/2024
مباريات ودية - منتخبات,البرتغال,كرواتيا,1,2,19:45,06/08/2024
مباريات ودية - منتخبات,الدنمارك,النرويج,3,1,20:30,06/08/2024
مباريات ودية - منتخبات,بلجيكا,لوكسمبرج,3,0,21:00,06/08/2024
مباريات ودية - منتخبات,إسبانيا,إيرلندا الشمالية,5,1,22:30,06/08/2024
مباريات ودية -أندية,الأهلي,النجوم,1,0,18:00,06/08/2024
تصفيات كأس العالم-أفريقيا,ساو تومي وبرينسيبي,ليبيريا,0,1,16:00,06/09/2024
تصفيات كأس العالم-أفريقيا,جيبوتي,إثيوبيا,1,1,19:00,06/09/2024
تصفيات كأس العالم-أفريقيا,موريتانيا,السنغال,0,1,19:00,06/09/2024
تصفيات كأس العالم-أفريقيا,ناميبيا,تونس,0,0,19:00,06/09/2024
تصفيات كأس العالم-أفريقيا,الكونغو الديمقراطية,توجـــو,1,0,19:00,06/09/2024
مباريات ودية - منتخبات,إيطاليا,البوسنة والهرسك,1,0,21:45,06/09/2024
مباريات ودية - منتخبات,فرنسا,كندا,0,0,22:15,06/09/2024
كرة السلة,الاتحاد السكندري,الأهلي,79,83,20:00,06/09/2024
تصفيات كأس العالم-أفريقيا,الصومال,بوتسوانا,1,3,16:00,06/10/2024
تصفيات كأس العالم-أفريقيا,غينيا الاستوائية,مالاوي,1,0,16:00,06/10/2024
تصفيات كأس العالم-أفريقيا,غينيا بيساو,مصر,1,1,19:00,06/10/2024
تصفيات كأس العالم-أفريقيا,بنين,نيجيريا,2,1,19:00,06/10/2024
تصفيات كأس العالم-أفريقيا,أوغندا,الجزائر,1,2,19:00,06/10/2024
تصفيات كأس العالم-أفريقيا,غينيا,موزمبيق,0,1,22:00,06/10/2024
تصفيات كأس العالم-أفريقيا,غانـــا,أفريقيا الوسطى,4,3,22:00,06/10/2024
تصفيات كأس العالم-أفريقيا,بوركينا فاسو,سيراليون,2,2,22:00,06/10/2024
مباريات ودية - منتخبات,بولندا,تركيا,2,1,21:45,06/10/2024
مباريات ودية - منتخبات,هولندا,أيسلندا,4,0,21:45,06/10/2024
تصفيات كأس العالم-أفريقيا,موريشيوس,إيسواتيني,2,1,16:00,06/11/2024
تصفيات كأس العالم-أفريقيا,جنوب السودان,السودان,0,3,16:00,06/11/2024
تصفيات كأس العالم-أفريقيا,كينيا,كوت ديفوار,0,0,16:00,06/11/2024
تصفيات كأس العالم-أفريقيا,مدغشقر,مالي,0,0,16:00,06/11/2024
تصفيات كأس العالم-أفريقيا,كاب فيردي,ليبيا,1,0,19:00,06/11/2024
تصفيات كأس العالم-أفريقيا,زامبيا,تنزانيا,0,1,19:00,06/11/2024
تصفيات كأس العالم-أفريقيا,ليسوتو,رواندا,0,1,19:00,06/11/2024
تصفيات كأس العالم-أفريقيا,تشاد,جزر القمر,0,2,19:00,06/11/2024
تصفيات كأس العالم-أفريقيا,جنوب أفريقيا,زيمبابوي,3,1,19:00,06/11/2024
تصفيات كأس العالم-أفريقيا,أنجـــــولا,الكاميرون,1,1,22:00,06/11/2024
تصفيات كأس العالم-أفريقيا,الجابون,جامبيا,3,2,22:00,06/11/2024
تصفيات كأس العالم-أفريقيا,الكونغو برازافيل,المغرب,0,6,22:00,06/11/2024
تصفيات كأس العالم-أفريقيا,سيشيل,بوروندي,1,3,22:00,06/11/2024
مباريات ودية - منتخبات,مصر,كوت ديفوار - أوليمبي,2,1,19:00,06/11/2024
مباريات ودية - منتخبات,البرتغال,أيرلندا,3,0,21:45,06/11/2024
كرة السلة,الأهلي,الاتحاد السكندري,78,80,20:00,06/11/2024
الدورة المؤهلة للدوري الممتاز,سبورتنج,الترسانة,1,0,17:00,06/12/2024
الدورة المؤهلة للدوري الممتاز,منتخب السويس,حرس الحدود,1,0,17:00,06/12/2024
كرة السلة,الأهلي,الاتحاد السكندري,70,76,21:00,06/13/2024
الدورة المؤهلة للدوري الممتاز,حرس الحدود,الترسانة,2,1,17:30,06/20/2024
الدورة المؤهلة للدوري الممتاز,منتخب السويس,سبورتنج,2,2,17:30,06/20/2024
كوبا أمريكا,الأرجنتين,كندا,2,0,03:00,06/21/2024
كوبا أمريكا,بيرو,تشيلي,0,0,03:00,06/22/2024
كوبا أمريكا,إكوادور,فنزويلا,1,2,01:00,06/23/2024
كوبا أمريكا,المكسيك,جامايكا,1,0,04:00,06/23/2024
كوبا أمريكا,أمريكا,بوليفيا,2,0,01:00,06/24/2024
كوبا أمريكا,أوروجواي,بنما,3,1,04:00,06/24/2024
كوبا أمريكا,كولومبيا,باراجواي,2,1,01:00,06/25/2024
كوبا أمريكا,البرازيل,كوستاريكا,0,0,04:00,06/25/2024
كوبا أمريكا,بيرو,كندا,0,1,01:00,06/26/2024
كوبا أمريكا,تشيلي,الأرجنتين,0,1,04:00,06/26/2024
الدورة المؤهلة للدوري الممتاز,سبورتنج,حرس الحدود,1,2,17:30,06/26/2024
الدورة المؤهلة للدوري الممتاز,الترسانة,منتخب السويس,0,1,17:30,06/26/2024
كوبا أمريكا,إكوادور,جامايكا,3,1,01:00,06/27/2024
كوبا أمريكا,فنزويلا,المكسيك,1,0,04:00,06/27/2024
كوبا أمريكا,بنما,أمريكا,2,1,01:00,06/28/2024
كوبا أمريكا,أوروجواي,بوليفيا,5,0,04:00,06/28/2024
كوبا أمريكا,كولومبيا,كوستاريكا,3,0,01:00,06/29/2024
كوبا أمريكا,باراجواي,البرازيل,1,4,04:00,06/29/2024
كوبا أمريكا,الأرجنتين,بيرو,2,0,03:00,06/30/2024
كوبا أمريكا,كندا,تشيلي,0,0,03:00,06/30/2024
كوبا أمريكا,جامايكا,فنزويلا,0,3,03:00,07/01/2024
كوبا أمريكا,المكسيك,إكوادور,0,0,03:00,07/01/2024
كوبا أمريكا,بوليفيا,بنما,1,3,04:00,07/02/2024
كوبا أمريكا,أمريكا,أوروجواي,0,1,04:00,07/02/2024
كرة السلة.. الملحق المؤهل للأولمبياد,البرازيل,الجبل الاسود,81,72,15:30,07/02/2024
كرة السلة.. الملحق المؤهل للأولمبياد,مصر,الدومينيكان,77,90,17:30,07/02/2024
كرة السلة.. الملحق المؤهل للأولمبياد,فنلندا,جزر البهاما,85,96,18:30,07/02/2024
كرة السلة.. الملحق المؤهل للأولمبياد,جورجيا,لاتفيا,55,83,19:00,07/02/2024
كرة السلة.. الملحق المؤهل للأولمبياد,سلوفينيا,كرواتيا,92,108,21:00,07/02/2024
كرة السلة.. الملحق المؤهل للأولمبياد,لبنان,إسبانيا,59,104,22:30,07/02/2024
كوبا أمريكا,كوستاريكا,باراجواي,2,1,04:00,07/03/2024
كوبا أمريكا,البرازيل,كولومبيا,1,1,04:00,07/03/2024
كرة السلة.. الملحق المؤهل للأولمبياد,إيطاليا,البحرين,114,53,00:30,07/03/2024
كرة السلة.. الملحق المؤهل للأولمبياد,المكسيك,ليتوانيا,84,96,03:30,07/03/2024
كرة السلة.. الملحق المؤهل للأولمبياد,الجبل الاسود,الكاميرون,70,66,15:30,07/03/2024
كرة السلة.. الملحق المؤهل للأولمبياد,كرواتيا,نيوزيلندا,86,90,17:30,07/03/2024
كرة السلة.. الملحق المؤهل للأولمبياد,جزر البهاما,بولندا,90,81,18:30,07/03/2024
كرة السلة.. الملحق المؤهل للأولمبياد,لاتفيا,الفلبين,80,89,19:00,07/03/2024
كرة السلة.. الملحق المؤهل للأولمبياد,الدومينيكان,اليونان,82,109,21:00,07/03/2024
كرة السلة.. الملحق المؤهل للأولمبياد,إسبانيا,أنجولا,89,81,21:30,07/03/2024
كرة السلة.. الملحق المؤهل للأولمبياد,ليتوانيا,كوت ديفوار,97,93,00:30,07/04/2024
كرة السلة.. الملحق المؤهل للأولمبياد,البحرين,بورتوريكو,56,99,03:30,07/04/2024
كرة السلة.. الملحق المؤهل للأولمبياد,الفلبين,جورجيا,94,96,15:30,07/04/2024
كرة السلة.. الملحق المؤهل للأولمبياد,نيوزيلندا,سلوفينيا,78,104,17:30,07/04/2024
كرة السلة.. الملحق المؤهل للأولمبياد,أنجولا,لبنان,70,74,18:30,07/04/2024
كرة السلة.. الملحق المؤهل للأولمبياد,الكاميرون,البرازيل,77,74,19:00,07/04/2024
كرة السلة.. الملحق المؤهل للأولمبياد,اليونان,مصر,93,71,21:00,07/04/2024
كرة السلة.. الملحق المؤهل للأولمبياد,بولندا,فنلندا,88,89,21:30,07/04/2024
كوبا أمريكا,الأرجنتين,إكوادور,1,1,04:00,07/05/2024
كرة السلة.. الملحق المؤهل للأولمبياد,كوت ديفوار,المكسيك,81,92,00:30,07/05/2024
كرة السلة.. الملحق المؤهل للأولمبياد,بورتوريكو,إيطاليا,80,69,03:30,07/05/2024
كوبا أمريكا,فنزويلا,كندا,1,1,04:00,07/06/2024
كرة السلة.. الملحق المؤهل للأولمبياد,البرازيل,الفلبين,71,60,15:30,07/06/2024
كرة السلة.. الملحق المؤهل للأولمبياد,اليونان,سلوفينيا,96,68,17:30,07/06/2024
كرة السلة.. الملحق المؤهل للأولمبياد,جزر البهاما,لبنان,89,72,18:30,07/06/2024
كرة السلة.. الملحق المؤهل للأولمبياد,الكاميرون,لاتفيا,59,72,19:00,07/06/2024
كرة السلة.. الملحق المؤهل للأولمبياد,الدومينيكان,كرواتيا,77,80,21:00,07/06/2024
كرة السلة.. الملحق المؤهل للأولمبياد,فنلندا,إسبانيا,74,81,21:30,07/06/2024
كرة السلة.. الملحق المؤهل للأولمبياد,إيطاليا,ليتوانيا,64,88,23:00,07/06/2024
كوبا أمريكا,كولومبيا,بنما,5,0,01:00,07/07/2024
كوبا أمريكا,أوروجواي,البرازيل,0,0,04:00,07/07/2024
كرة السلة.. الملحق المؤهل للأولمبياد,بورتوريكو,المكسيك,98,78,02:00,07/07/2024
كرة السلة.. الملحق المؤهل للأولمبياد,لاتفيا,البرازيل,69,94,19:00,07/07/2024
كرة السلة.. الملحق المؤهل للأولمبياد,كرواتيا,اليونان,69,80,21:00,07/07/2024
كرة السلة.. الملحق المؤهل للأولمبياد,إسبانيا,جزر البهاما,86,78,21:30,07/07/2024
كرة السلة.. الملحق المؤهل للأولمبياد,ليتوانيا,بورتوريكو,68,79,01:00,07/08/2024
كوبا أمريكا,الأرجنتين,كندا,2,0,03:00,07/10/2024
كوبا أمريكا,أوروجواي,كولومبيا,0,1,03:00,07/11/2024
كوبا أمريكا,كندا,أوروجواي,2,2,03:00,07/14/2024
مباريات ودية - منتخبات,مصر,أوكرانيا,1,1,19:00,07/14/2024
كوبا أمريكا,الأرجنتين,كولومبيا,1,0,04:20,07/15/2024
مباريات ودية - منتخبات,مصر,العراق,2,1,18:00,07/17/2024
مباريات ودية - منتخبات,مصر,السويد,26,32,20:30,07/18/2024
مباريات ودية - منتخبات,الدنمارك,الأرجنتين,34,20,22:10,07/18/2024
مباريات ودية -أندية,هامبورج,نانت,4,2,16:00,07/20/2024
مباريات ودية -أندية,ك.ب. رينجرز,توتنهام هوتسبر,0,2,17:00,07/20/2024
مباريات ودية -أندية,جلاسكو رينجرز,مانشستر يونايتد,0,2,18:00,07/20/2024
مباريات ودية -أندية,رابيد فيينا,ميلان,1,1,18:30,07/20/2024
مباريات ودية -أندية,آ. فرانكفورت,خواريز,2,1,04:30,07/26/2024
مباريات ودية -أندية,ماميلودي صنداونز,الهلال,2,1,17:30,07/26/2024
مباريات ودية -أندية,اشبيلية,الاتحاد,1,0,23:00,07/26/2024
مباريات ودية -أندية,مانشستر سيتي,ميلان,2,3,01:00,07/28/2024
مباريات ودية -أندية,أرسنال,مانشستر يونايتد,2,1,03:00,07/28/2024
مباريات ودية -أندية,برشلونة,مانشستر سيتي,2,2,03:30,07/31/2024
مباريات ودية -أندية,ليفربول,أرسنال,2,1,02:30,08/01/2024
مباريات ودية -أندية,ريال مدريد,ميلان,0,1,03:30,08/01/2024
مباريات ودية -أندية,مانشستر يونايتد,ريال بيتيس,3,2,05:00,08/01/2024
مباريات ودية -أندية,بايرن ميونيخ,توتنهام هوتسبر,2,1,14:00,08/03/2024
مباريات ودية -أندية,هوفنهايم,إيبسويتش تاون,0,1,14:40,08/03/2024
مباريات ودية -أندية,ستاد لافالوا,نانت,1,2,18:30,08/03/2024
مباريات ودية -أندية,مانشستر سيتي,تشيلسي,4,2,00:30,08/04/2024
مباريات ودية -أندية,برشلونة,ريال مدريد,2,1,02:00,08/04/2024
مباريات ودية -أندية,مانشستر يونايتد,ليفربول,0,3,02:45,08/04/2024
مباريات ودية -أندية,تشيلسي,ريال مدريد,1,2,02:00,08/07/2024
مباريات ودية -أندية,برشلونة,ميلان,2,2,02:30,08/07/2024
مباريات ودية -أندية,نانت,لوريان,1,1,18:00,08/07/2024
مباريات ودية -أندية,أرسنال,باير ليفركوزن,4,1,20:00,08/07/2024
مباريات ودية -أندية,إنتر ميلان,الاتحاد,0,2,21:30,08/07/2024
الدرع الخيرية,مانشستر يونايتد,مانشستر سيتي,1,1,17:00,08/10/2024
مباريات ودية -أندية,إيبسويتش تاون,نيس,1,0,14:30,08/10/2024
مباريات ودية -أندية,لايبزيج,باريس سان جيرمان,1,1,19:00,08/10/2024
مباريات ودية -أندية,توتنهام هوتسبر,بايرن ميونيخ,2,3,19:30,08/10/2024
مباريات ودية -أندية,فالنسيا,آ. فرانكفورت,2,2,22:00,08/10/2024
مباريات ودية -أندية,ليفربول,اشبيلية,4,1,14:30,08/11/2024
مباريات ودية -أندية,يوفنتوس,اتلتيكو مدريد,0,2,16:00,08/11/2024
مباريات ودية -أندية,أرسنال,ليون,2,0,16:00,08/11/2024
مباريات ودية -أندية,تشيلسي,إنتر ميلان,1,1,17:00,08/11/2024
مباريات ودية -أندية,كريستال بالاس,نانت,1,1,17:00,08/11/2024
مباريات ودية -أندية,ليفربول,لاس بالماس,0,0,19:00,08/11/2024
تصفيات كأس العالم-آسيا,أستراليا,البـــحرين,0,1,13:10,09/05/2024
تصفيات كأس العالم-آسيا,اليــــابان,الصين,7,0,13:35,09/05/2024
تصفيات كأس العالم-آسيا,كوريا الجنوبية,فلسطين,0,0,14:00,09/05/2024
تصفيات كأس العالم-آسيا,أوزبكستان,كوريا الشمالية,1,0,17:00,09/05/2024
تصفيات كأس العالم-آسيا,إيران,قيرجيزستان,1,0,19:00,09/05/2024
تصفيات كأس العالم-آسيا,قطر,الإمارات,1,3,19:00,09/05/2024
تصفيات كأس العالم-آسيا,العراق,عمان,1,0,19:00,09/05/2024
تصفيات كأس العالم-آسيا,الأردن,الكويت,1,1,21:00,09/05/2024
تصفيات كأس العالم-آسيا,السعودية,اندونيسيا,1,1,21:00,09/05/2024
تصفيات كأس العالم - أمريكا الجنوبية,بوليفيا,فنزويلا,4,0,23:00,09/05/2024
تصفيات كأس العالم - أمريكا الجنوبية,الأرجنتين,تشيلي,3,0,03:00,09/06/2024
تصفيات كأس العالم - أمريكا الجنوبية,أوروجواي,باراجواي,0,0,02:30,09/07/2024
تصفيات كأس العالم - أمريكا الجنوبية,البرازيل,إكوادور,1,0,04:00,09/07/2024
تصفيات كأس العالم - أمريكا الجنوبية,بيرو,كولومبيا,1,1,04:30,09/07/2024
تصفيات كأس العالم-آسيا,اندونيسيا,أستراليا,0,0,15:00,09/10/2024
تصفيات كأس العالم-آسيا,كوريا الشمالية,قطر,2,2,15:00,09/10/2024
تصفيات كأس العالم-آسيا,الصين,السعودية,1,2,15:00,09/10/2024
تصفيات كأس العالم-آسيا,فلسطين,الأردن,1,3,17:00,09/10/2024
تصفيات كأس العالم-آسيا,قيرجيزستان,أوزبكستان,2,3,17:00,09/10/2024
تصفيات كأس العالم-آسيا,عمان,كوريا الجنوبية,1,3,17:00,09/10/2024
تصفيات كأس العالم-آسيا,الإمارات,إيران,0,1,19:00,09/10/2024
تصفيات كأس العالم-آسيا,البـــحرين,اليــــابان,0,5,19:00,09/10/2024
تصفيات كأس العالم-آسيا,الكويت,العراق,0,0,21:00,09/10/2024
تصفيات كأس العالم - أمريكا الجنوبية,كولومبيا,الأرجنتين,2,1,23:30,09/10/2024
تصفيات كأس العالم - أمريكا الجنوبية,تشيلي,بوليفيا,1,2,23:59,09/10/2024
تصفيات كأس العالم - أمريكا الجنوبية,إكوادور,بيرو,1,0,23:59,09/10/2024
تصفيات كأس العالم - أمريكا الجنوبية,فنزويلا,أوروجواي,0,0,01:00,09/11/2024
تصفيات كأس العالم - أمريكا الجنوبية,باراجواي,البرازيل,1,0,03:30,09/11/2024
تصفيات كأس العالم-آسيا,أستراليا,الصين,3,1,12:10,10/10/2024
تصفيات كأس العالم-آسيا,الأردن,كوريا الجنوبية,0,2,17:00,10/10/2024
تصفيات كأس العالم-آسيا,أوزبكستان,إيران,0,0,17:00,10/10/2024
تصفيات كأس العالم-آسيا,البـــحرين,اندونيسيا,2,2,19:00,10/10/2024
تصفيات كأس العالم-آسيا,قطر,قيرجيزستان,3,1,19:00,10/10/2024
تصفيات كأس العالم-آسيا,الإمارات,كوريا الشمالية,1,1,19:00,10/10/2024
تصفيات كأس العالم-آسيا,عمان,الكويت,4,0,19:00,10/10/2024
تصفيات كأس العالم-آسيا,العراق,فلسطين,1,0,21:00,10/10/2024
تصفيات كأس العالم-آسيا,السعودية,اليــــابان,0,2,21:00,10/10/2024
تصفيات كأس العالم - أمريكا الجنوبية,بوليفيا,كولومبيا,1,0,23:00,10/10/2024
تصفيات كأس العالم - أمريكا الجنوبية,إكوادور,باراجواي,0,0,23:59,10/10/2024
تصفيات كأس العالم - أمريكا الجنوبية,فنزويلا,الأرجنتين,1,1,23:59,10/10/2024
تصفيات كأس العالم - أمريكا الجنوبية,تشيلي,البرازيل,1,2,03:00,10/11/2024
تصفيات كأس العالم - أمريكا الجنوبية,بيرو,أوروجواي,1,0,04:30,10/12/2024
تصفيات كأس العالم-آسيا,اليــــابان,أستراليا,1,1,13:35,10/15/2024
تصفيات كأس العالم-آسيا,كوريا الجنوبية,العراق,3,2,14:00,10/15/2024
تصفيات كأس العالم-آسيا,الصين,اندونيسيا,2,1,15:00,10/15/2024
تصفيات كأس العالم-آسيا,قيرجيزستان,كوريا الشمالية,1,0,17:00,10/15/2024
تصفيات كأس العالم-آسيا,أوزبكستان,الإمارات,1,0,17:00,10/15/2024
تصفيات كأس العالم-آسيا,إيران,قطر,4,1,19:00,10/15/2024
تصفيات كأس العالم-آسيا,فلسطين,الكويت,2,2,19:00,10/15/2024
تصفيات كأس العالم-آسيا,الأردن,عمان,4,0,19:00,10/15/2024
تصفيات كأس العالم-آسيا,السعودية,البـــحرين,0,0,21:00,10/15/2024
تصفيات كأس العالم - أمريكا الجنوبية,كولومبيا,تشيلي,4,0,23:30,10/15/2024
تصفيات كأس العالم - أمريكا الجنوبية,باراجواي,فنزويلا,2,1,02:00,10/16/2024
تصفيات كأس العالم - أمريكا الجنوبية,أوروجواي,إكوادور,0,0,02:30,10/16/2024
تصفيات كأس العالم - أمريكا الجنوبية,الأرجنتين,بوليفيا,6,0,03:00,10/16/2024
تصفيات كأس العالم - أمريكا الجنوبية,البرازيل,بيرو,4,0,03:45,10/16/2024
تصفيات كأس العالم-آسيا,أستراليا,السعودية,0,0,11:10,11/14/2024
تصفيات كأس العالم-آسيا,كوريا الشمالية,إيران,2,3,14:00,11/14/2024
تصفيات كأس العالم-آسيا,البـــحرين,الصين,0,1,16:00,11/14/2024
تصفيات كأس العالم-آسيا,الكويت,كوريا الجنوبية,1,3,16:00,11/14/2024
تصفيات كأس العالم-آسيا,عمان,فلسطين,1,0,18:00,11/14/2024
تصفيات كأس العالم-آسيا,العراق,الأردن,0,0,18:15,11/14/2024
تصفيات كأس العالم-آسيا,قطر,أوزبكستان,3,2,18:15,11/14/2024
تصفيات كأس العالم-آسيا,الإمارات,قيرجيزستان,3,0,18:15,11/14/2024
تصفيات كأس العالم - أمريكا الجنوبية,فنزويلا,البرازيل,1,1,23:00,11/14/2024
تصفيات كأس العالم-آسيا,اندونيسيا,اليــــابان,0,4,14:00,11/15/2024
تصفيات كأس العالم - أمريكا الجنوبية,باراجواي,الأرجنتين,2,1,01:30,11/15/2024
تصفيات كأس العالم - أمريكا الجنوبية,إكوادور,بوليفيا,4,0,02:00,11/15/2024
مباريات ودية -أندية,الزمالك,النصر,1,2,20:30,11/15/2024
تصفيات كأس العالم - أمريكا الجنوبية,أوروجواي,كولومبيا,3,2,02:00,11/16/2024
تصفيات كأس العالم - أمريكا الجنوبية,بيرو,تشيلي,0,0,03:30,11/16/2024
تصفيات كأس العالم-آسيا,اندونيسيا,السعودية,2,0,14:00,11/19/2024
تصفيات كأس العالم-آسيا,الصين,اليــــابان,1,3,14:00,11/19/2024
تصفيات كأس العالم-آسيا,كوريا الشمالية,أوزبكستان,0,1,14:00,11/19/2024
تصفيات كأس العالم-آسيا,قيرجيزستان,إيران,2,3,16:00,11/19/2024
تصفيات كأس العالم-آسيا,فلسطين,كوريا الجنوبية,1,1,16:00,11/19/2024
تصفيات كأس العالم-آسيا,عمان,العراق,0,1,18:00,11/19/2024
تصفيات كأس العالم-آسيا,الإمارات,قطر,5,0,18:00,11/19/2024
تصفيات كأس العالم-آسيا,البـــحرين,أستراليا,2,2,20:15,11/19/2024
تصفيات كأس العالم-آسيا,الكويت,الأردن,1,1,20:15,11/19/2024
تصفيات كأس العالم - أمريكا الجنوبية,بوليفيا,باراجواي,2,2,22:00,11/19/2024
تصفيات كأس العالم - أمريكا الجنوبية,كولومبيا,إكوادور,0,1,01:00,11/20/2024
تصفيات كأس العالم - أمريكا الجنوبية,تشيلي,فنزويلا,4,2,02:00,11/20/2024
تصفيات كأس العالم - أمريكا الجنوبية,الأرجنتين,بيرو,1,0,02:00,11/20/2024
تصفيات كأس العالم - أمريكا الجنوبية,البرازيل,أوروجواي,1,1,02:45,11/20/2024
